mean_fit_time,std_fit_time,mean_score_time,std_score_time,param_bayes__alpha,params,split0_test_score,split1_test_score,split2_test_score,split3_test_score,split4_test_score,mean_test_score,std_test_score,rank_test_score
1.9863171100616455,0.016954191592204768,0.4420802116394043,0.019781827405896985,100000,{'bayes__alpha': 100000},0.9015918958031838,0.8929088277858177,0.8798842257597684,0.91027496382055,0.8885672937771346,0.8946454413892908,0.010491791004568374,1
2.1044132232666017,0.1420977996019479,0.45498003959655764,0.03015841306930535,100,{'bayes__alpha': 100},0.8639652677279306,0.8683068017366136,0.8552821997105644,0.8885672937771346,0.869753979739508,0.8691751085383503,0.01092978731606322,2
2.4381704807281492,0.13144002237995758,0.5532534122467041,0.09593732769714598,1,{'bayes__alpha': 1},0.8596237337192475,0.8451519536903039,0.8451519536903039,0.8755426917510853,0.8596237337192475,0.8570188133140375,0.011299115077246364,3
7.190884256362915,2.2761474453328656,0.580462121963501,0.012109662387714958,0.001,{'bayes__alpha': 0.001},0.849493487698987,0.8379160636758322,0.8437047756874095,0.8726483357452967,0.85383502170767,0.851519536903039,0.011849197968427611,4
1.818018341064453,0.3596443934714478,0.6261317729949951,0.21199608672556133,1000000,{'bayes__alpha': 1000000},0.6599131693198264,0.6512301013024602,0.6338639652677279,0.6251808972503617,0.61794500723589,0.6376266280752533,0.01573635568054206,5
